# nom TikZ	hex clair	variable CSS	hex sombre
Ink	16191F	--fig-ink	E6E9ED
Muted	5F6B7A	--fig-muted	9BA7B6
Rule	B8C0CA	--fig-rule	4A5768
Paper	FFFFFF	--fig-paper	132132
Soft	F2F3F3	--fig-soft	1B2A3C
Orange	D9620B	--fig-orange	F59A4A
OrangeBg	FDF1E6	--fig-orange-bg	2E2010
Bleu	0B66C2	--fig-bleu	62A8EC
BleuBg	EAF2FB	--fig-bleu-bg	12263B
Vert	2F7D32	--fig-vert	72BF76
VertBg	EDF6EE	--fig-vert-bg	132A18
Rouge	C62828	--fig-rouge	EF7A6E
RougeBg	FCEBEA	--fig-rouge-bg	301615
Violet	6A3FC4	--fig-violet	AE91EE
VioletBg	F1ECFB	--fig-violet-bg	23193A
Sarcelle	00808A	--fig-sarcelle	52BEC6
SarcelleBg	E5F4F5	--fig-sarcelle-bg	0F2B2E
Rose	B8185A	--fig-rose	EE6F9E
RoseBg	FBE8F0	--fig-rose-bg	2E1422
IcCompute	ED7100	--fig-ic-compute	ED7100
IcStorage	7AA116	--fig-ic-storage	7AA116
IcDatabase	C925D1	--fig-ic-database	C925D1
IcNetwork	8C4FFF	--fig-ic-network	8C4FFF
IcSecurity	DD344C	--fig-ic-security	DD344C
IcIntegration	E7157B	--fig-ic-integration	E7157B
IcAI	01A88D	--fig-ic-ai	01A88D
IcRegion	00A4A6	--fig-ic-region	00A4A6
IcGrey	7D8998	--fig-ic-grey	7D8998
IcGlyph	FEFEFE	--fig-ic-glyph	FEFEFE
Console	1F2A37	--fig-console	1F2A37
ConsoleField	3B4A5C	--fig-console-field	3B4A5C
Trait	3D4B5C	--fig-trait	A9B6C4
